chemical_name,representative_casrn,reference_codes,endpoint_count,min_year,max_year
"(R)-3-chloropropane-1,2-diol",57090-45-6,ECHA endpoint-availability sample,3,,
"Tin, dibutylbis(2,4-pentanedionato-kO2,kO4)-,",22673-19-4,ECHA endpoint-availability sample,3,,
"1,2-diacetoxybut-3-ene",18085-02-4,ECHA endpoint-availability sample,3,,
Essential oil of Cedarwood Texas obtained from the wood of Juniperus mexicana (Cupressaceae) by distillation,91722-61-1,ECHA endpoint-availability sample,3,,
2-phenylhexanenitrile,3508-98-3,ECHA endpoint-availability sample,3,,
"Fatty acids, C16-18 (even-numbered), 1,2-ethanediylbis(oxy-2,1-ethanediyl) esters",91031-45-7,ECHA endpoint-availability sample,3,,
"Reaction mass of 2-dodec-1-enylbutanedioic acid, 4-methyl ester zinc salt and 2-undec-1-enylbutanedioic acid, 4-methyl ester zinc salt",26655-44-7,ECHA endpoint-availability sample,3,,
"5-[(4-chloro-2-nitrophenyl)diazenyl]-1-ethyl-6-hydroxy-4-methyl-2-oxo-1,2-dihydropyridine-3-carbonitrile",70528-90-4,ECHA endpoint-availability sample,3,,
"N,N,N',N',-tetrakis(2-hydroxyethyl)hexanediamide",6334-25-4,ECHA endpoint-availability sample,3,,
"2-(2H-benzotriazol-2-yl)-4,6-bis(1-methyl-1-phenylethyl)phenol",70321-86-7,ECHA endpoint-availability sample,3,,
"Fatty acids, soya, epoxidized, Me esters",68082-35-9,ECHA endpoint-availability sample,3,,
"N-C12-18-alkyl-propane-1,3-diamine",68155-37-3,ECHA endpoint-availability sample,3,,
"nonene, branched",97280-95-0,ECHA endpoint-availability sample,3,,
"Alcohols, C12-18(even numbered), ethoxylated < 2.5 EO, sulfates, sodium salt",68081-91-4,ECHA endpoint-availability sample,3,,
"Fatty acids, tallow, zinc salts",68440-34-6,ECHA endpoint-availability sample,3,,
N-butylphosphorothioic triamide,94317-64-3,ECHA endpoint-availability sample,3,,
Methyl tetrahydro-2-furancarboxylate,37443-42-8,ECHA endpoint-availability sample,3,,
Magnesium Potassium Titanium Oxide,39290-90-9,ECHA endpoint-availability sample,3,,
"Alcohols, C12-14, ethoxylated, < 2.5 EO",68439-50-9,ECHA endpoint-availability sample,3,,
1-((5-amino-2-methylpentyl)amino)-3-(o-tolyloxy)propan-2-ol,90480-76-5,ECHA endpoint-availability sample,3,,
"Trisodium 3-amino-4-[4-[4-(2-(2-ethenylsulfonylethoxy)ethylamino)-6-fluoro-1,3,5-triazine-2-ylamino]-2-sulfophenylazo]-5-hydroxynaphthalene-2,7-disulfonate",212652-59-0,ECHA endpoint-availability sample,3,,
"Cement, alumina, chemicals",65997-16-2,ECHA endpoint-availability sample,3,,
"C7-9-(branched)-alkyl 3-(3,5-di-tert-butyl-4-hydroxyphenyl)propanoate",125643-61-0,ECHA endpoint-availability sample,3,,
"9-Octadecenoic acid (Z)-, isooctyl ester, reaction products with glycerol trioleate and sulfur",96152-40-8,ECHA endpoint-availability sample,3,,
"Lubricating oils (petroleum), C18-40, solvent-dewaxed hydrocracked distillate-based",94733-15-0,ECHA endpoint-availability sample,3,,
"2,2-bis({[(3-oxobutanoyl)oxy]methyl})butyl 3-oxobutanoat",22208-25-9,ECHA endpoint-availability sample,3,,
2-Dimethylamino-2-(4-methyl-benzyl)-1-(4-morpholin-4-yl-phenyl-butan-1-one,119344-86-4,ECHA endpoint-availability sample,3,,
2-octyloxirane,2404-44-6,ECHA endpoint-availability sample,3,,
"1,2-Bis(2-aminophenoxy)ethane",52411-34-4,ECHA endpoint-availability sample,3,,
3-butoxypropan-1-amine,16499-88-0,ECHA endpoint-availability sample,3,,
"N-Butyl-2-(1-ethylpentyl)-1,3-oxazolidine",165101-57-5,ECHA endpoint-availability sample,3,,
1-(4-methoxyphenyl)-2-[(3-methoxyphenyl)thio] ethanone,63675-73-0,ECHA endpoint-availability sample,3,,
"Octadecanoic acid, branched and linear",68201-37-6,ECHA endpoint-availability sample,3,,
"2-(2H-BENZOTRIAZOL-2-YL)-4-METHYL-6-[2-METHYL-3-[1,3,3,3-TETRAMETHYL-1-[(TRIMETHYLSILYL)OXY]DISILOXANYL]PROPYL]PHENOL",155633-54-8,ECHA endpoint-availability sample,3,,
"Terpenes and terpenoids, turpentine-oil, α-pinene fraction, oligomers.“2,6,6-trimethylbicyclo[3.1.1]hept-2-ene, oligomers, consisting of mainly of dimers and trimers formed from the catalytic partial homo-polymerisation of 2,6,6-trimethylbicyclo[3.1.1]hept-2-ene (also known as alpha-pinene)”,",70750-57-1,ECHA endpoint-availability sample,3,,
"Bis(ethylacetoacetato‐O1',O3"")bis(2‐methylpropan‐1‐olato)titanium",83877-91-2,ECHA endpoint-availability sample,3,,
2-(2-phenylphenoxy)ethyl prop-2-enoate,72009-86-0,ECHA endpoint-availability sample,3,,
dimolybdenum trizinc nonaoxide,22914-58-5,ECHA endpoint-availability sample,3,,
"Decanoic acid, mixed esters with heptanoic acid, octanoic acid and pentaerythritol",68441-67-8,ECHA endpoint-availability sample,3,,
Lithium bis(oxalato)borate,244761-29-3,ECHA endpoint-availability sample,3,,
"Di(µ-2,2´,2´´-nitrilotris(ethanol)-diperchlorato)dinatrium",156157-97-0,ECHA endpoint-availability sample,3,,
"3-((C12-18)-acylamino)-N-(2-((2-hydroxyethyl)amino)-2-oxoethyl)-N,N-dimethyl-1-propanaminium chloride",164288-56-6,ECHA endpoint-availability sample,3,,
"Ester of rosin with diethylene glycol, consisting of mainly the mono- and di-esters, as the reactor is charged with a 2:1 stoichiometric ratio of reactants (rosin and diethylene glycol), and reacted at elevated temperatures until the specification is reached, typically determined by ""acid value"" indicating that most of the carboxyl groups (-COOH) of the parent rosin have been esterified.",68153-38-8,ECHA endpoint-availability sample,3,,
N-ethyl-N-methylpyrrolidinium bromide,69227-51-6,ECHA endpoint-availability sample,3,,
unnamed [85995-91-1],85995-91-1,ECHA endpoint-availability sample,3,,
"Alkenes, C6-8-branched, C7-rich",97592-99-9,ECHA endpoint-availability sample,3,,
"Glycerides, C14 - C18 and C 16 - C18 unsatd., mono-,  di, Nand tri- (even numbered)",91052-28-7,ECHA endpoint-availability sample,3,,
"disodium 4-amino-6-[[4-(N-(4-((E)-(2,4-diaminophenyl)diazenyl)phenyl)sulfamoyl)phenyl)diazenyl)-5-hydroxy-3-((E)-(4-nitrophenyl)diazenyl)naphthalene-2,7-disulfonate",201792-73-6,ECHA endpoint-availability sample,3,,
"1,18-octadecanedioic acid",871-70-5,ECHA endpoint-availability sample,3,,
"Glycerides, mixed C8-10 (even numbered) and succinyl",91744-56-8,ECHA endpoint-availability sample,3,,
Copper neodecanoate,68084-48-0,ECHA endpoint-availability sample,3,,
"4,6-Dichloro-5-fluoropyrimidine",213265-83-9,ECHA endpoint-availability sample,3,,
Triethoxysilylpropyl Dibenzoyl Resorcinol,166255-23-8,ECHA endpoint-availability sample,3,,
1-Ethyl-3-methylimidazolium ethylsulfate,342573-75-5,ECHA endpoint-availability sample,3,,
"tetrasodium 4-amino-5-hydroxy-6-[(2-methoxy-5-{[2-(sulfonatooxy)ethyl]sulfonyl}phenyl)diazenyl]-3-[(4-{[2-(sulfonatooxy)ethyl]sulfonyl}phenyl)diazenyl]naphthalene-2,7-disulfonate",93951-21-4,ECHA endpoint-availability sample,3,,
"1,4,7,10-Tetraazacyclododecane",294-90-6,ECHA endpoint-availability sample,3,,
"Reaction products of 3-(trimethoxysilyl)propane-1-thiol and 5-isocyanato-1-(isocyanatomethyl)-1,3,3-trimethylcyclohexane (1:1).",117172-56-2,ECHA endpoint-availability sample,3,,
"Chromate(5-), bis[6-[[[4-[2-(1-butyl-5-cyano-1,6-dihydro-2-hydroxy-4-methyl-6-oxo-3-pyridinyl)diazenyl]phenyl]sulfonyl]amino]-4-(hydroxy-κO)-3-[2-[2-(hydroxy-κO)-5-nitro-3-sulfophenyl]diazenyl]-2-naphthalenesulfonato(4-)]-, sodium (1:5)",178452-71-6,ECHA endpoint-availability sample,3,,
"4-(4-(4-(hydroxydiphenylmethyl)-1-piperidinyl)-1-butynyl)-.alpha.,.alpha.-dimethylbenzeneacetic acid",832088-68-3,ECHA endpoint-availability sample,3,,
unnamed [91744-20-6],91744-20-6,ECHA endpoint-availability sample,3,,
2-(ethoxymethyl)oxolane,62435-71-6,ECHA endpoint-availability sample,3,,
(E)-3-((2-(2-cyanoethoxy)ethyl)(4-((4-nitrophenyl)diazenyl) phenyl)amino)propanenitrile,70210-10-5,ECHA endpoint-availability sample,3,,
methyl [3-(acetyloxy)-2-pentylcyclopent-2-en-1-yl]acetate,57374-49-9,ECHA endpoint-availability sample,3,,
"Phenyl N-(4,6-dimethoxypyrimidin-2-yl)carbamate",89392-03-0,ECHA endpoint-availability sample,3,,
2-dodecylhexadecan-1-ol,72388-18-2,ECHA endpoint-availability sample,3,,
2-[4-[2-[4-(2-hydroxyethoxy)phenyl]propan-2-yl]phenoxy]ethanol,32492-61-8,ECHA endpoint-availability sample,3,,
Titanium tetrakis(butan-1-olato) polymer with water,162303-51-7,ECHA endpoint-availability sample,3,,
71076-48-7,71076-48-7,ECHA endpoint-availability sample,3,,
3-[benzyl({4-[2-(4-nitrophenyl)diazen-1-yl]phenyl})amino]propanenitrile,96662-24-7,ECHA endpoint-availability sample,3,,
"Acetic acid, C11-14-branched alkyl esters, C13-Rich",108419-35-8,ECHA endpoint-availability sample,3,,
sodium 3-(acryloyloxy)propane-1-sulfonate,15717-25-6,ECHA endpoint-availability sample,3,,
"Fatty acids, soybean oil, conjugated",1176286-43-3,ECHA endpoint-availability sample,3,,
"Formaldehyde, oligomeric reaction products with diethylenetriamine and phenol",55552-95-9,ECHA endpoint-availability sample,3,,
ethaneperoxoic acid,79-21-0,ECHA endpoint-availability sample,3,,
"Glycerides, C16-18 and C18-unsatd. mono-, di- and tri-, citrates, potassium salts",91744-23-9,ECHA endpoint-availability sample,3,,
"sodium 1,4-bis(1,3-dimethylbutoxy)-1,4-dioxobutane-2-sulfonate",2373-38-8,ECHA endpoint-availability sample,3,,
"Resin acids and Rosin acids, fumarated, esters with pentaerythritol",94581-15-4,ECHA endpoint-availability sample,3,,
"UVCB substance, no IUPAC name available, alternative EC chemical name: Fatty acids, C6-24 and C6-24-unsatd., Me esters, distn. Residues",102242-52-4,ECHA endpoint-availability sample,3,,
"Fatty acids, C18-unsatd, dimers, hydrogenated, diisopropyl esters",103213-20-3,ECHA endpoint-availability sample,3,,
"Bis(2,8,9-Trioxa-5-aza-1-silabicyclo(3.3.3)undecane-1-propane-)disulfide",883794-93-2,ECHA endpoint-availability sample,3,,
(2-butyl-5-nitrobenzofuran-3-yl)[4-(3-dibutylaminopropoxy)phenyl]methanone,141645-23-0,ECHA endpoint-availability sample,3,,
"2,4,8,10-tetrakis (1,1-dimethyl ethyl)-6-(2-ethylhexyloxy)-12H-dibenzo [d,g] [1,3,2] dioxaphosphocin",126050-54-2,ECHA endpoint-availability sample,3,,
"Alkenes, C10-14",85681-75-0,ECHA endpoint-availability sample,3,,
"Reaction mass of [3-(trimethoxysilyl) propyl]urea, [3-(dimethoxyethoxysilyl) propyl]urea, [3-(methoxydiethoxysilyl) propyl]urea and [3-(triethoxysilyl) propyl]urea.",116912-64-2,ECHA endpoint-availability sample,3,,
"Alkenes, C8-10-branched, C9-rich",97593-01-6,ECHA endpoint-availability sample,3,,
4-(trans-4-Propylcyclohexyl)-acetophenone,78531-61-0,ECHA endpoint-availability sample,3,,
zinc bis(2-hydroxypropanoate),16039-53-5,ECHA endpoint-availability sample,3,,
zinc(2+) ion 2-({2-[(carboxylatomethyl)amino]ethyl}(carboxymethyl)amino)acetate diamine,67859-51-2,ECHA endpoint-availability sample,3,,
"potassium 3,5,5-trimethylhexanoate",93918-10-6,ECHA endpoint-availability sample,3,,
"2-ethylhexanoic acid, zirconium salt",22464-99-9,ECHA endpoint-availability sample,3,,
2-methyl-5-phenylpentanol,25634-93-9,ECHA endpoint-availability sample,3,,
"Kerosine (petroleum), sweetened",91770-15-9,ECHA endpoint-availability sample,3,,
"disodium 2-(2,4,5,7-tetraiodo-6-oxido-3-oxoxanthen-9-yl)benzoate",16423-68-0,ECHA endpoint-availability sample,3,,
"Butanal, reaction products with aniline",68411-20-1,ECHA endpoint-availability sample,3,,
"N,N-dibutyl-N-ethylbutan-1-aminium ethyl sulfate",68052-51-7,ECHA endpoint-availability sample,3,,
"1,1,5,5-tetramethylhexahydro-2H-2,4a-methanonaphthalen-8(5H)-one",23787-90-8,ECHA endpoint-availability sample,3,,
Methyl-2-(2-chloromethylphenyl)-3-methoxy-2-acrylate,117428-51-0,ECHA endpoint-availability sample,3,,
"2,6-Octadienal, 3,7-dimethyl-, acid-isomerized",90480-35-6,ECHA endpoint-availability sample,3,,
Zirconium tetrakis(propa-1-olato),23519-77-9,ECHA endpoint-availability sample,3,,
"Distillates (petroleum), steam-cracked, C8-12 fraction",68477-54-3,ECHA endpoint-availability sample,3,,
"sodium 1,4-dicyclohexyloxy-1,4-dioxobutane-2-sulfonate",23386-52-9,ECHA endpoint-availability sample,3,,
sunflower seed oil sorbitol esters,96690-53-8,ECHA endpoint-availability sample,3,,
1-bromo-3-methoxybenzene,2398-37-0,ECHA endpoint-availability sample,3,,
"N,N'-bis(2,2,6,6-tetramethyl-4-piperidyl)isophthalamide",42774-15-2,ECHA endpoint-availability sample,3,,
(Isocyanatomethyl)(dimethoxy)methylsilane,406679-89-8,ECHA endpoint-availability sample,3,,
"reaction mass of 5-methyl-4,7-dioxa-2-nonanol and 6-methyl-4,7-dioxa-2-nonanol",30025-38-8,ECHA endpoint-availability sample,3,,
"4-trans-Methoxy-4-trans-propyl-[1,1-bicyclohexyl]",97398-80-6,ECHA endpoint-availability sample,3,,
"l-Glutamic acid, N-coco acyl derivs., monosodium salts",68187-32-6,ECHA endpoint-availability sample,3,,
"2,2’-Iminodiethanol, propoxylated",35176-06-8,ECHA endpoint-availability sample,3,,
"Hydrocarbons, C6-rich, hydrotreated light naphtha distillates, solvent-refined",101316-67-0,ECHA endpoint-availability sample,3,,
"potassium sodium 2,2'-ethene-1,2-diylbis[5-({4-anilino-6-[bis(2-hydroxyethyl)amino]-1,3,5-triazin-2-yl}amino)benzenesulfonate]",70942-01-7,ECHA endpoint-availability sample,3,,
"Fatty acids, C16-18(even numbered) and C18-unsatd., 2-ethylhexyl esters",85049-37-2,ECHA endpoint-availability sample,3,,
"Fatty acids, C16-18 (even numbered), methyl ester",85586-21-6,ECHA endpoint-availability sample,3,,
"Aluminum, benzoate C16-18-fatty acids complexes",94166-87-7,ECHA endpoint-availability sample,3,,
"Alcohols, C9-11-branched and linear",85711-26-8,ECHA endpoint-availability sample,3,,
"Distillates (petroleum), steam-cracked, C5-12 fraction",68477-53-2,ECHA endpoint-availability sample,3,,
"Benzenesulfonic acid, 2,2'-(1,2-ethenediyl)bis[5-nitro-, reaction products with 4-[(4-aminophenyl)azo]benzenesulfonic acid, reduced, oxidized, potassium sodium salts",90218-39-6,ECHA endpoint-availability sample,3,,
"Petroleum gases, liquefied, sweetened",68476-86-8,ECHA endpoint-availability sample,3,,
"Aromatic hydrocarbons, distn. residues, naphthalene-rich",98072-36-7,ECHA endpoint-availability sample,3,,
"Phosphorodithioic acid, mixed O,O-bis(6-methylheptyl and sec-butyl) esters, zinc salts",93819-94-4,ECHA endpoint-availability sample,3,,
"Heptadecanol, branched and linear",90388-00-4,ECHA endpoint-availability sample,3,,
"(E)-1,3,3-trimethyl-2-((2-methyl-2-p-tolylhydrazono)methyl)-3H-indolium chloride",68134-38-3,ECHA endpoint-availability sample,3,,
"Fatty acids, C16-18, reaction products with diethanolamine",91032-08-5,ECHA endpoint-availability sample,3,,
"Gases (petroleum), deisobutanizer tower overheads",68477-87-2,ECHA endpoint-availability sample,3,,
"Copper, [29H,31H-phthalocyaninato(2-)-kN29,kN30,kN31,kN32]-, [[3-(dimethylamino)propyl]amino]sulfonyl derivs., acetates",90295-19-5,ECHA endpoint-availability sample,3,,
"2-hexyl decanoic acid [4-(6-tert-butyl-7-chloro-1H- pyrazolo[1,5-b][1,2,4] triazol-2-yl) phenylcarbamoyl] methylester",379268-96-9,ECHA endpoint-availability sample,3,,
"N-(3-ethoxy-3-oxopropyl)-N-(2-methylpropyl)-β-alanine, ethyl ester",88488-91-9,ECHA endpoint-availability sample,3,,
{[3-Acetamido-4-(2-hydroxy-4-nitrophenylazo)phenyl]imino}diethylene diacetate,371921-62-9,ECHA endpoint-availability sample,3,,
"2,3,6-trimethylphenol",2416-94-6,ECHA endpoint-availability sample,3,,
"1,1´-Decamethylen-bis[1,4-dihydro-4-(octylimino)pyridine]-dihydrochloride",70775-75-6,ECHA endpoint-availability sample,3,,
"(1-methylethylidene)di-4,1-phenylene tetraphenyl diphosphate",5945-33-5,ECHA endpoint-availability sample,3,,
"Phosphoric acid, decyl octyl ester",68186-45-8,ECHA endpoint-availability sample,3,,
"4-(1,1,3,3-tetramethylbutyl)-N-[4-(1,1,3,3-tetramethylbutyl)phenyl]aniline",15721-78-5,ECHA endpoint-availability sample,3,,
"3-(pentanoyloxy)-2,2-bis[(pentanoyloxy)methyl]propyl valerate (non-preferred name)",15834-04-5,ECHA endpoint-availability sample,3,,
"Aromatic hydrocarbons, C7-8, ethylene-manuf.-by-product",90989-43-8,ECHA endpoint-availability sample,3,,
Rezolyn,799275-41-5,ECHA endpoint-availability sample,3,,
"tri-esters of octanoic acid and decanoic acid with 2-ethyl-2-(hydroxymethyl)-1,3-propanediol",91050-89-4,ECHA endpoint-availability sample,3,,
"2,2-bis(methylthio)propane",6156-18-9,ECHA endpoint-availability sample,3,,
"Reaction product of poly(oxy-1,2-ethanediyl), .alpha.-hydro-.omega.-[(1-oxo-2-propenyl)oxy]-, ether with 2-ethyl-2-(hydroxymethyl)-1,3-propanediol (3:1) and N-ethylethanamine",159034-91-0,ECHA endpoint-availability sample,3,,
A complex mixture resulting from the transesterification of marine oil with ethanol and separated by distillation.,91051-05-7,ECHA endpoint-availability sample,3,,
"sodium 2-[7-(diethylamino)-2-oxo-2H-chromen-3-yl]-5-sulfamoyl-2,3-dihydro-1,3-benzoxazole-2-sulfonate",93859-32-6,ECHA endpoint-availability sample,3,,
"Distillates (petroleum), straight-run light",68410-05-9,ECHA endpoint-availability sample,3,,
"2-(1-Methyl-1-phenylethyl)-4-(1,1,3,3-tetramethylbutyl)-6-(benzotriazol-2-yl)phenol;2-(2-Hydroxy-3-a-cumyl-5-tert-octylphenyl)-2H-benzotriazole",73936-91-1,ECHA endpoint-availability sample,3,,
Copper(I) sulphide,22205-45-4,ECHA endpoint-availability sample,3,,
"3-(4,4-dimethoxypyrimidin-2-yl)-1-(N-methyl-N-methylsulfonyl-aminosulfonyl)-urea, monosodium salt",596120-00-2,ECHA endpoint-availability sample,3,,
"Gases (petroleum), catalytic cracked overheads",68409-99-4,ECHA endpoint-availability sample,3,,
"N,N-dimethyl-C16-18-(even numbered)-alkyl-1-amines",68390-97-6,ECHA endpoint-availability sample,3,,
"Fatty acids, C9-13-neo-, copper salts",91031-79-7,ECHA endpoint-availability sample,3,,
"2,2',2''-nitrilotriacetic acid - 2-aminoethanol (1:3)",94134-01-7,ECHA endpoint-availability sample,3,,
Copolymer of neodecanoic acid oxiranylmethyl ester and phosphorous acid,157348-58-8,ECHA endpoint-availability sample,3,,
