field,source_group,source_column,units,aggregation,definition,source_url,code,observed_records,observed_chemicals,missing_fraction,predictor_processing,reliability_processing
mech_cytotox_hit_rate,Cytotoxicity summary,nhit; ntested,fraction,nhit/ntested; missing if ntested=0,Fraction of tested assays reported as hits,https://doi.org/10.23645/epacomptox.6062623,src/ecoood/invitrodb.py,3608,523,0.2015932728479752,Training-median imputation and training-standardization,Jointly observed standardized values; missingness scored separately
mech_cytotox_lower_log10_um,Cytotoxicity summary,cytotox_lower_bound_log,log10(micromol/L),Retain released chemical-level value,Released log-scale cytotoxicity lower bound,https://doi.org/10.23645/epacomptox.6062623,src/ecoood/invitrodb.py,3753,544,0.1695065279929188,Training-median imputation and training-standardization,Jointly observed standardized values; missingness scored separately
mech_cytotox_lower_um,Cytotoxicity summary,cytotox_lower_bound_um,micromol/L,Retain released chemical-level value,Lower cytotoxicity-burst concentration bound,https://doi.org/10.23645/epacomptox.6062623,src/ecoood/invitrodb.py,3753,544,0.1695065279929188,Training-median imputation and training-standardization,Jointly observed standardized values; missingness scored separately
mech_cytotox_median_log10_um,Cytotoxicity summary,cytotox_median_log,log10(micromol/L),Retain released chemical-level value,Released log-scale cytotoxicity median,https://doi.org/10.23645/epacomptox.6062623,src/ecoood/invitrodb.py,3753,544,0.1695065279929188,Training-median imputation and training-standardization,Jointly observed standardized values; missingness scored separately
mech_cytotox_median_um,Cytotoxicity summary,cytotox_median_um,micromol/L,Retain released chemical-level value,Median cytotoxicity-burst concentration,https://doi.org/10.23645/epacomptox.6062623,src/ecoood/invitrodb.py,3753,544,0.1695065279929188,Training-median imputation and training-standardization,Jointly observed standardized values; missingness scored separately
mech_cytotox_nhit,Cytotoxicity summary,nhit,count,Retain released chemical-level value,Number of hit assays in the released cytotoxicity summary,https://doi.org/10.23645/epacomptox.6062623,src/ecoood/invitrodb.py,3753,544,0.1695065279929188,Training-median imputation and training-standardization,Jointly observed standardized values; missingness scored separately
mech_cytotox_ntested,Cytotoxicity summary,ntested,count,Retain released chemical-level value,Number of tested assays in the released cytotoxicity summary,https://doi.org/10.23645/epacomptox.6062623,src/ecoood/invitrodb.py,3753,544,0.1695065279929188,Training-median imputation and training-standardization,Jointly observed standardized values; missingness scored separately
mech_h295r_active_endpoint_count,HT-H295R model summary,OHPREG; PROG; OHPROG; DOC; CORTIC; X11DCORT; CORT; ANDR; TESTO; E1; E2,count,Count of 11 chemical-level maximum absolute hormone summaries >=1,Engineered response-count descriptor; not a validated endocrine activity classification,https://doi.org/10.23645/epacomptox.6062623,src/ecoood/invitrodb.py,1618,147,0.6419561849966807,Training-median imputation and training-standardization,Jointly observed standardized values; missingness scored separately
mech_h295r_andr_max_abs,HT-H295R model summary,ANDR,released hormone-response scale,Maximum absolute released response across rows of one DTXSID,ANDR response summary; source scale retained without converting to a hormone concentration,https://doi.org/10.23645/epacomptox.6062623,src/ecoood/invitrodb.py,1618,147,0.6419561849966807,Training-median imputation and training-standardization,Jointly observed standardized values; missingness scored separately
mech_h295r_bmd_min,HT-H295R model summary,BMD,micromol/L,Minimum released BMD across rows of one DTXSID,Concentration at which the fitted pathway response reaches its critical value,https://doi.org/10.23645/epacomptox.6062623,src/ecoood/invitrodb.py,1618,147,0.6419561849966807,Training-median imputation and training-standardization,Jointly observed standardized values; missingness scored separately
mech_h295r_cort_max_abs,HT-H295R model summary,CORT,released hormone-response scale,Maximum absolute released response across rows of one DTXSID,CORT response summary; source scale retained without converting to a hormone concentration,https://doi.org/10.23645/epacomptox.6062623,src/ecoood/invitrodb.py,1618,147,0.6419561849966807,Training-median imputation and training-standardization,Jointly observed standardized values; missingness scored separately
mech_h295r_cortic_max_abs,HT-H295R model summary,CORTIC,released hormone-response scale,Maximum absolute released response across rows of one DTXSID,CORTIC response summary; source scale retained without converting to a hormone concentration,https://doi.org/10.23645/epacomptox.6062623,src/ecoood/invitrodb.py,1618,147,0.6419561849966807,Training-median imputation and training-standardization,Jointly observed standardized values; missingness scored separately
mech_h295r_critical_val,HT-H295R model summary,criticalVal,dimensionless,Median released criticalVal across rows of one DTXSID,Released critical value for the multivariate pathway response,https://doi.org/10.23645/epacomptox.6062623,src/ecoood/invitrodb.py,1618,147,0.6419561849966807,Training-median imputation and training-standardization,Jointly observed standardized values; missingness scored separately
mech_h295r_doc_max_abs,HT-H295R model summary,DOC,released hormone-response scale,Maximum absolute released response across rows of one DTXSID,DOC response summary; source scale retained without converting to a hormone concentration,https://doi.org/10.23645/epacomptox.6062623,src/ecoood/invitrodb.py,1618,147,0.6419561849966807,Training-median imputation and training-standardization,Jointly observed standardized values; missingness scored separately
mech_h295r_e1_max_abs,HT-H295R model summary,E1,released hormone-response scale,Maximum absolute released response across rows of one DTXSID,E1 response summary; source scale retained without converting to a hormone concentration,https://doi.org/10.23645/epacomptox.6062623,src/ecoood/invitrodb.py,1618,147,0.6419561849966807,Training-median imputation and training-standardization,Jointly observed standardized values; missingness scored separately
mech_h295r_e2_max_abs,HT-H295R model summary,E2,released hormone-response scale,Maximum absolute released response across rows of one DTXSID,E2 response summary; source scale retained without converting to a hormone concentration,https://doi.org/10.23645/epacomptox.6062623,src/ecoood/invitrodb.py,1618,147,0.6419561849966807,Training-median imputation and training-standardization,Jointly observed standardized values; missingness scored separately
mech_h295r_maxmmd_max,HT-H295R model summary,maxmMd,dimensionless,Maximum released maxmMd across rows of one DTXSID,Released maximum mean Mahalanobis response,https://doi.org/10.23645/epacomptox.6062623,src/ecoood/invitrodb.py,1618,147,0.6419561849966807,Training-median imputation and training-standardization,Jointly observed standardized values; missingness scored separately
mech_h295r_mean_abs,HT-H295R model summary,OHPREG; PROG; OHPROG; DOC; CORTIC; X11DCORT; CORT; ANDR; TESTO; E1; E2,released hormone-response scale,Mean absolute response across all observed hormone columns and rows of one DTXSID,Mean magnitude of released hormone responses,https://doi.org/10.23645/epacomptox.6062623,src/ecoood/invitrodb.py,1618,147,0.6419561849966807,Training-median imputation and training-standardization,Jointly observed standardized values; missingness scored separately
mech_h295r_mmd_max,HT-H295R model summary,mMd,dimensionless,Maximum released mMd across rows of one DTXSID,Mean Mahalanobis distance of the multivariate hormone response,https://doi.org/10.23645/epacomptox.6062623,src/ecoood/invitrodb.py,1618,147,0.6419561849966807,Training-median imputation and training-standardization,Jointly observed standardized values; missingness scored separately
mech_h295r_ohpreg_max_abs,HT-H295R model summary,OHPREG,released hormone-response scale,Maximum absolute released response across rows of one DTXSID,OHPREG response summary; source scale retained without converting to a hormone concentration,https://doi.org/10.23645/epacomptox.6062623,src/ecoood/invitrodb.py,1618,147,0.6419561849966807,Training-median imputation and training-standardization,Jointly observed standardized values; missingness scored separately
mech_h295r_ohprog_max_abs,HT-H295R model summary,OHPROG,released hormone-response scale,Maximum absolute released response across rows of one DTXSID,OHPROG response summary; source scale retained without converting to a hormone concentration,https://doi.org/10.23645/epacomptox.6062623,src/ecoood/invitrodb.py,1618,147,0.6419561849966807,Training-median imputation and training-standardization,Jointly observed standardized values; missingness scored separately
mech_h295r_prog_max_abs,HT-H295R model summary,PROG,released hormone-response scale,Maximum absolute released response across rows of one DTXSID,PROG response summary; source scale retained without converting to a hormone concentration,https://doi.org/10.23645/epacomptox.6062623,src/ecoood/invitrodb.py,1618,147,0.6419561849966807,Training-median imputation and training-standardization,Jointly observed standardized values; missingness scored separately
mech_h295r_testo_max_abs,HT-H295R model summary,TESTO,released hormone-response scale,Maximum absolute released response across rows of one DTXSID,TESTO response summary; source scale retained without converting to a hormone concentration,https://doi.org/10.23645/epacomptox.6062623,src/ecoood/invitrodb.py,1618,147,0.6419561849966807,Training-median imputation and training-standardization,Jointly observed standardized values; missingness scored separately
mech_h295r_x11dcort_max_abs,HT-H295R model summary,X11DCORT,released hormone-response scale,Maximum absolute released response across rows of one DTXSID,X11DCORT response summary; source scale retained without converting to a hormone concentration,https://doi.org/10.23645/epacomptox.6062623,src/ecoood/invitrodb.py,1618,147,0.6419561849966807,Training-median imputation and training-standardization,Jointly observed standardized values; missingness scored separately
mech_lit_ar_agonist,AR/ER literature summary,literature_mode; literature_score,ordinal score (0 to 1),inactive=0; very weak=0.25; weak=0.5; moderate/medium=0.75; strong=1; chemical maximum,"ar literature agonist; qualitative source category, not a measured concentration",https://doi.org/10.23645/epacomptox.6062623,src/ecoood/invitrodb.py,612,139,0.8645718079221066,Training-median imputation and training-standardization,Jointly observed standardized values; missingness scored separately
mech_lit_ar_antagonist,AR/ER literature summary,literature_mode; literature_score,ordinal score (0 to 1),inactive=0; very weak=0.25; weak=0.5; moderate/medium=0.75; strong=1; chemical maximum,"ar literature antagonist; qualitative source category, not a measured concentration",https://doi.org/10.23645/epacomptox.6062623,src/ecoood/invitrodb.py,508,137,0.8875857490595265,Training-median imputation and training-standardization,Jointly observed standardized values; missingness scored separately
mech_lit_ar_binding,AR/ER literature summary,literature_mode; literature_score,ordinal score (0 to 1),inactive=0; very weak=0.25; weak=0.5; moderate/medium=0.75; strong=1; chemical maximum,"ar literature binding; qualitative source category, not a measured concentration",https://doi.org/10.23645/epacomptox.6062623,src/ecoood/invitrodb.py,404,118,0.9105996901969462,Training-median imputation and training-standardization,Jointly observed standardized values; missingness scored separately
mech_lit_er_agonist,AR/ER literature summary,literature_mode; literature_score,ordinal score (0 to 1),inactive=0; very weak=0.25; weak=0.5; moderate/medium=0.75; strong=1; chemical maximum,"er literature agonist; qualitative source category, not a measured concentration",https://doi.org/10.23645/epacomptox.6062623,src/ecoood/invitrodb.py,2067,349,0.5425979198937818,Training-median imputation and training-standardization,Jointly observed standardized values; missingness scored separately
mech_lit_er_antagonist,AR/ER literature summary,literature_mode; literature_score,ordinal score (0 to 1),inactive=0; very weak=0.25; weak=0.5; moderate/medium=0.75; strong=1; chemical maximum,"er literature antagonist; qualitative source category, not a measured concentration",https://doi.org/10.23645/epacomptox.6062623,src/ecoood/invitrodb.py,3036,429,0.328169949103784,Training-median imputation and training-standardization,Jointly observed standardized values; missingness scored separately
mech_lit_er_binding,AR/ER literature summary,literature_mode; literature_score,ordinal score (0 to 1),inactive=0; very weak=0.25; weak=0.5; moderate/medium=0.75; strong=1; chemical maximum,"er literature binding; qualitative source category, not a measured concentration",https://doi.org/10.23645/epacomptox.6062623,src/ecoood/invitrodb.py,2087,372,0.5381721619827395,Training-median imputation and training-standardization,Jointly observed standardized values; missingness scored separately
mech_toxcast_ar_auc_agonist,ToxCast AR/ER pathway summary,auc_agonist,dimensionless model score,Retain released chemical-level value,AR agonist pathway area-under-curve score,https://doi.org/10.23645/epacomptox.6062623,src/ecoood/invitrodb.py,2752,328,0.3910157114405842,Training-median imputation and training-standardization,Jointly observed standardized values; missingness scored separately
mech_toxcast_ar_auc_antagonist,ToxCast AR/ER pathway summary,auc_antagonist,dimensionless model score,Retain released chemical-level value,AR antagonist pathway area-under-curve score,https://doi.org/10.23645/epacomptox.6062623,src/ecoood/invitrodb.py,2752,328,0.3910157114405842,Training-median imputation and training-standardization,Jointly observed standardized values; missingness scored separately
mech_toxcast_er_auc_agonist,ToxCast AR/ER pathway summary,auc_agonist,dimensionless model score,Retain released chemical-level value,ER agonist pathway area-under-curve score,https://doi.org/10.23645/epacomptox.6062623,src/ecoood/invitrodb.py,2747,326,0.3921221509183448,Training-median imputation and training-standardization,Jointly observed standardized values; missingness scored separately
mech_toxcast_er_auc_antagonist,ToxCast AR/ER pathway summary,auc_antagonist,dimensionless model score,Retain released chemical-level value,ER antagonist pathway area-under-curve score,https://doi.org/10.23645/epacomptox.6062623,src/ecoood/invitrodb.py,2747,326,0.3921221509183448,Training-median imputation and training-standardization,Jointly observed standardized values; missingness scored separately
