field,raw_dtype,n_unique,missing_fraction,feature_block,source_or_derivation,predictive_input
chemical_id,object,775,0.0,"identifier, target, or audit-only field",ECOTOX record metadata,False
chemical_name,object,775,0.0,"identifier, target, or audit-only field",ECOTOX record metadata,False
casrn,int64,775,0.0,"identifier, target, or audit-only field",ECOTOX record metadata,False
dtxsid,object,772,0.003540606328833813,"identifier, target, or audit-only field",DSSTox/CompTox structure linkage,False
smiles,object,774,0.0,chemical fingerprint,DSSTox/CompTox structure linkage,True
inchikey,object,775,0.0,"identifier, target, or audit-only field",DSSTox/CompTox structure linkage,False
endpoint,object,3,0.0,experimental context,ECOTOX study/taxon context curation,True
endpoint_code,object,2,0.0,"identifier, target, or audit-only field",ECOTOX value/end-point curation,False
effect,object,9,0.0,"identifier, target, or audit-only field",ECOTOX value/end-point curation,False
measurement,object,30,0.0,"identifier, target, or audit-only field",ECOTOX value/end-point curation,False
species,object,172,0.0,species/taxonomy,ECOTOX study/taxon context curation,True
common_name,object,102,0.0,"identifier, target, or audit-only field",ECOTOX record metadata,False
phylum,object,8,0.0004425757911042266,species/taxonomy,ECOTOX study/taxon context curation,True
class_name,object,12,0.0013277273733126797,species/taxonomy,ECOTOX study/taxon context curation,True
order,object,30,0.0013277273733126797,species/taxonomy,ECOTOX study/taxon context curation,True
family,object,56,0.0013277273733126797,species/taxonomy,ECOTOX study/taxon context curation,True
genus,object,105,0.001549015268864793,species/taxonomy,ECOTOX study/taxon context curation,True
species_group,object,9,0.0,"identifier, target, or audit-only field",ECOTOX study/taxon context curation,False
duration_h,float64,11,0.0,experimental context,ECOTOX study/taxon context curation,True
medium,object,3,0.0,experimental context,ECOTOX study/taxon context curation,True
temperature_c,float64,104,0.5647267094489932,experimental context,ECOTOX study/taxon context curation,True
ph,float64,104,0.8077008187652135,experimental context,ECOTOX study/taxon context curation,True
ctx_hardness,float64,136,0.884709006417349,experimental context,ECOTOX study/taxon context curation,True
study_year,int64,53,0.0,"identifier, target, or audit-only field",ECOTOX study/taxon context curation,False
doi,object,343,0.6233680017703032,"identifier, target, or audit-only field",ECOTOX record metadata,False
source,object,1,0.0,"identifier, target, or audit-only field",ECOTOX record metadata,False
structure_source,object,2,0.0,"identifier, target, or audit-only field",DSSTox/CompTox structure linkage,False
chemical_class,object,28,0.0,"identifier, target, or audit-only field",curation and audit derivation,False
toxicity_value,float64,2052,0.0,"identifier, target, or audit-only field",ECOTOX value/end-point curation,False
toxicity_unit,object,17,0.0,"identifier, target, or audit-only field",ECOTOX value/end-point curation,False
molar_concentration,float64,4160,0.0,"identifier, target, or audit-only field",ECOTOX value/end-point curation,False
target_log_molar,float64,4158,0.0,"identifier, target, or audit-only field",ECOTOX value/end-point curation,False
physchem_mol_wt,float64,680,0.0,physicochemical descriptor,DSSTox/CompTox or PubChem physicochemical linkage,True
physchem_logp,float64,732,0.0,physicochemical descriptor,RDKit MolLogP structure derivation,True
mech_cytotox_hit_rate,float64,158,0.2015932728479752,bioactivity proxy,invitrodb/ToxCast summary linkage,True
mech_cytotox_lower_log10_um,float64,212,0.1695065279929188,bioactivity proxy,invitrodb/ToxCast summary linkage,True
mech_cytotox_lower_um,float64,212,0.1695065279929188,bioactivity proxy,invitrodb/ToxCast summary linkage,True
mech_cytotox_median_log10_um,float64,212,0.1695065279929188,bioactivity proxy,invitrodb/ToxCast summary linkage,True
mech_cytotox_median_um,float64,212,0.1695065279929188,bioactivity proxy,invitrodb/ToxCast summary linkage,True
mech_cytotox_nhit,float64,72,0.1695065279929188,bioactivity proxy,invitrodb/ToxCast summary linkage,True
mech_cytotox_ntested,float64,19,0.1695065279929188,bioactivity proxy,invitrodb/ToxCast summary linkage,True
mech_feature_count,float64,20,0.15999114848417792,"identifier, target, or audit-only field",invitrodb/ToxCast summary linkage,False
mech_h295r_active_endpoint_count,float64,12,0.6419561849966807,bioactivity proxy,invitrodb/ToxCast summary linkage,True
mech_h295r_andr_max_abs,float64,147,0.6419561849966807,bioactivity proxy,invitrodb/ToxCast summary linkage,True
mech_h295r_bmd_min,float64,126,0.6419561849966807,bioactivity proxy,invitrodb/ToxCast summary linkage,True
mech_h295r_cort_max_abs,float64,147,0.6419561849966807,bioactivity proxy,invitrodb/ToxCast summary linkage,True
mech_h295r_cortic_max_abs,float64,141,0.6419561849966807,bioactivity proxy,invitrodb/ToxCast summary linkage,True
mech_h295r_critical_val,float64,6,0.6419561849966807,bioactivity proxy,invitrodb/ToxCast summary linkage,True
mech_h295r_doc_max_abs,float64,147,0.6419561849966807,bioactivity proxy,invitrodb/ToxCast summary linkage,True
mech_h295r_e1_max_abs,float64,147,0.6419561849966807,bioactivity proxy,invitrodb/ToxCast summary linkage,True
mech_h295r_e2_max_abs,float64,143,0.6419561849966807,bioactivity proxy,invitrodb/ToxCast summary linkage,True
mech_h295r_maxmmd_max,float64,147,0.6419561849966807,bioactivity proxy,invitrodb/ToxCast summary linkage,True
mech_h295r_mean_abs,float64,147,0.6419561849966807,bioactivity proxy,invitrodb/ToxCast summary linkage,True
mech_h295r_mmd_max,float64,147,0.6419561849966807,bioactivity proxy,invitrodb/ToxCast summary linkage,True
mech_h295r_ohpreg_max_abs,float64,139,0.6419561849966807,bioactivity proxy,invitrodb/ToxCast summary linkage,True
mech_h295r_ohprog_max_abs,float64,147,0.6419561849966807,bioactivity proxy,invitrodb/ToxCast summary linkage,True
mech_h295r_prog_max_abs,float64,142,0.6419561849966807,bioactivity proxy,invitrodb/ToxCast summary linkage,True
mech_h295r_testo_max_abs,float64,147,0.6419561849966807,bioactivity proxy,invitrodb/ToxCast summary linkage,True
mech_h295r_x11dcort_max_abs,float64,147,0.6419561849966807,bioactivity proxy,invitrodb/ToxCast summary linkage,True
mech_lit_ar_agonist,float64,1,0.8645718079221066,bioactivity proxy,invitrodb/ToxCast summary linkage,True
mech_lit_ar_antagonist,float64,3,0.8875857490595265,bioactivity proxy,invitrodb/ToxCast summary linkage,True
mech_lit_ar_binding,float64,3,0.9105996901969462,bioactivity proxy,invitrodb/ToxCast summary linkage,True
mech_lit_er_agonist,float64,5,0.5425979198937818,bioactivity proxy,invitrodb/ToxCast summary linkage,True
mech_lit_er_antagonist,float64,4,0.328169949103784,bioactivity proxy,invitrodb/ToxCast summary linkage,True
mech_lit_er_binding,float64,5,0.5381721619827395,bioactivity proxy,invitrodb/ToxCast summary linkage,True
mech_toxcast_ar_auc_agonist,float64,17,0.3910157114405842,bioactivity proxy,invitrodb/ToxCast summary linkage,True
mech_toxcast_ar_auc_antagonist,float64,88,0.3910157114405842,bioactivity proxy,invitrodb/ToxCast summary linkage,True
mech_toxcast_er_auc_agonist,float64,73,0.3921221509183448,bioactivity proxy,invitrodb/ToxCast summary linkage,True
mech_toxcast_er_auc_antagonist,float64,62,0.3921221509183448,bioactivity proxy,invitrodb/ToxCast summary linkage,True
is_hard_ood,bool,1,0.0,"identifier, target, or audit-only field",curation and audit derivation,False
known_ood,bool,1,0.0,"identifier, target, or audit-only field",curation and audit derivation,False
physchem_tpsa,float64,332,0.0,physicochemical descriptor,RDKit structure derivation,True
physchem_hba,float64,17,0.0,physicochemical descriptor,RDKit structure derivation,True
physchem_hbd,float64,10,0.0,physicochemical descriptor,RDKit structure derivation,True
physchem_rot_bonds,float64,25,0.0,physicochemical descriptor,RDKit structure derivation,True
physchem_ring_count,float64,10,0.0,physicochemical descriptor,RDKit structure derivation,True
